ano;mes;Homicídio doloso;Latrocínio (roubo seguido de morte);Letalidade violenta;Tentativa de homicídio;Lesão corporal dolosa;Roubo a transeunte;Roubo em coletivo;Roubo de rua;Roubo de veículo;Roubo de carga;Roubo a estabelecimento comercial;Roubo a residência;Roubo a banco;Outros roubos que não os listados acima;Total de roubos;Furto de veículo;Furto a transeunte;Outros furtos que não os listados acima;Total de furtos;Apreensão de drogas;Recuperação de veículo
1991;1;657;15;672;162;3051;967;381;1348;1174;63;350;188;37;158;3318;2009;1147;3561;6717;133;872
1991;2;732;17;749;175;3421;963;432;1395;1097;64;357;171;35;142;3261;1850;1066;3309;6225;127;751
1991;3;713;25;738;216;3613;963;422;1385;1265;71;443;191;43;131;3529;2084;1062;3573;6719;80;789
1991;4;634;20;654;200;3211;1186;354;1540;1415;81;425;199;36;112;3808;2085;1195;3290;6570;133;787
1991;5;650;20;670;146;3051;931;335;1266;1449;82;553;231;27;147;3755;2185;723;3546;6454;163;845
1991;6;647;14;661;201;2977;831;342;1173;1354;82;518;178;37;81;3423;1992;673;3519;6184;157;802
1991;7;558;14;572;201;2784;797;308;1105;1365;82;496;186;25;94;3353;1978;700;3604;6282;203;870
1991;8;557;11;568;209;3134;813;299;1112;1347;71;498;189;29;88;3334;1835;794;3641;6270;215;809
1991;9;542;19;561;146;3026;805;281;1086;1353;91;473;199;12;90;3304;1993;810;3460;6263;179;756
1991;10;613;21;634;200;3482;834;328;1162;1470;83;561;228;16;107;3627;1999;862;3621;6482;184;818
1991;11;577;13;590;192;3300;978;409;1387;1600;94;569;239;26;97;4012;2039;884;3601;6524;170;886
1991;12;638;16;654;202;4003;1022;358;1380;1563;157;563;242;24;131;4060;1930;1028;3563;6521;122;905
1992;1;617;19;636;176;3155;962;373;1335;1801;172;579;271;12;126;4296;2357;969;3987;7313;189;984
1992;2;691;27;718;184;3413;967;426;1393;1877;200;613;300;28;139;4550;2236;937;3713;6886;154;917
1992;3;767;12;779;181;3732;1069;426;1495;1825;172;559;250;27;82;4410;2241;939;3983;7163;179;951
1992;4;648;29;677;172;3293;1050;438;1488;2090;182;544;268;13;119;4704;2199;875;3841;6915;138;969
1992;5;639;28;667;196;3042;940;439;1379;2194;143;523;276;16;126;4657;2422;849;3789;7060;149;1042
1992;6;583;26;609;145;3013;901;417;1318;2220;171;444;237;10;93;4493;2340;819;3594;6753;158;933
1992;7;541;36;577;130;2881;810;384;1194;2167;151;412;214;19;107;4264;2415;787;3672;6874;188;951
1992;8;616;27;643;128;3034;850;397;1247;1959;134;375;249;15;114;4093;2288;818;3686;6792;186;900
1992;9;560;19;579;135;2897;808;370;1178;2165;168;340;255;13;112;4231;2315;839;3487;6641;191;940
1992;10;638;24;662;160;3337;827;406;1233;2322;135;361;258;25;121;4455;2452;875;3593;6920;162;934
1992;11;658;19;677;149;3190;807;377;1184;2050;122;365;247;26;107;4101;2355;764;3586;6705;175;910
1992;12;677;22;699;154;3502;823;357;1180;1832;186;351;255;23;91;3918;1999;931;3694;6624;174;815
1993;1;597;13;610;139;3411;688;410;1098;2048;133;299;233;20;104;3935;2341;761;3791;6893;175;855
1993;2;651;17;668;171;3449;752;348;1100;1897;135;279;220;20;111;3762;2127;671;3461;6259;160;731
1993;3;755;18;773;169;3434;735;450;1185;2289;146;337;218;13;161;4349;2458;636;3809;6903;164;869
1993;4;721;23;744;156;3246;829;395;1224;1994;139;294;216;25;142;4034;2088;561;3618;6267;139;947
1993;5;665;24;689;152;3251;755;447;1202;2008;117;350;193;17;133;4020;2287;517;3604;6408;160;956
1993;6;624;24;648;127;2466;749;391;1140;1988;114;310;214;17;127;3910;2199;569;3389;6157;138;992
1993;7;657;20;677;142;3016;818;355;1173;2029;138;290;199;14;118;3961;2272;662;3480;6414;156;1018
1993;8;617;22;639;136;2888;899;351;1250;2097;143;247;205;15;124;4081;2273;660;3475;6408;108;952
1993;9;572;19;591;122;2566;787;362;1149;2058;143;297;217;14;98;3976;2354;580;3349;6283;126;1007
1993;10;634;29;663;159;3223;903;412;1315;2228;142;282;249;28;119;4363;2393;601;3518;6512;154;1088
1993;11;609;31;640;139;3198;958;423;1381;2181;166;328;220;25;127;4428;2173;612;3390;6175;134;1139
1993;12;618;25;643;129;3485;907;378;1285;1973;185;326;221;17;123;4130;1932;658;3399;5989;135;1065
1994;1;671;19;690;159;3120;912;352;1264;2010;94;304;216;18;136;4042;2286;538;3407;6231;133;1055
1994;2;704;20;724;129;3407;842;371;1213;2033;96;316;184;18;114;3974;1862;605;3021;5488;121;1111
1994;3;740;22;762;132;2909;1041;449;1490;2725;101;358;249;26;166;5115;2630;629;3242;6501;130;1303
1994;4;737;20;757;137;2752;980;448;1428;2497;112;377;200;20;170;4804;2394;521;3122;6037;127;1218
1994;5;621;24;645;122;2839;981;481;1462;2589;139;371;225;22;180;4988;2548;488;3221;6257;169;1410
1994;6;682;16;698;160;2549;977;356;1333;2560;112;324;198;10;126;4663;2409;502;2960;5871;152;1450
1994;7;681;24;705;137;2731;912;374;1286;2360;140;279;179;17;118;4379;2497;521;2925;5943;168;1456
1994;8;610;18;628;134;2350;1174;426;1600;2196;108;914;196;19;170;5203;2281;1013;3510;6804;166;1312
1994;9;694;12;706;138;2887;849;427;1276;2170;92;278;157;36;127;4136;1841;549;2710;5100;179;1369
1994;10;761;8;769;177;3122;897;331;1228;2361;102;302;144;44;111;4292;2068;475;2719;5262;152;1483
1994;11;681;19;700;145;3481;1043;338;1381;1957;101;287;160;38;127;4051;1736;505;2794;5035;190;1383
1994;12;826;21;847;196;3550;1045;406;1451;2012;189;293;165;42;159;4311;1679;571;2712;4962;143;1480
1995;1;831;17;848;166;3626;1056;377;1433;2060;188;323;174;38;134;4350;1924;520;2941;5385;147;1435
1995;2;814;16;830;179;3286;981;350;1331;1876;118;294;144;32;152;3947;1737;465;2519;4721;194;1293
1995;3;756;17;773;168;3258;976;413;1389;2271;160;352;159;26;190;4547;2135;457;2889;5481;181;1491
1995;4;788;20;808;170;3028;1033;426;1459;2293;86;315;150;37;176;4516;1842;440;2556;4838;230;1496
1995;5;784;19;803;149;2864;1021;415;1436;2178;101;322;158;26;169;4390;1843;441;2815;5099;192;1615
1995;6;673;20;693;141;2786;883;442;1325;2061;94;298;132;31;174;4115;1951;463;2606;5020;246;1580
1995;7;702;12;714;190;3266;904;416;1320;2010;74;343;157;43;159;4106;1927;514;2614;5055;326;1557
1995;8;664;12;676;187;3256;963;445;1408;2007;68;367;124;49;182;4205;1817;622;2697;5136;446;1626
1995;9;623;19;642;165;3178;936;498;1434;1906;62;299;97;29;154;3981;1736;560;2523;4819;355;1495
1995;10;565;18;583;160;3207;867;486;1353;1806;59;361;122;37;147;3885;1819;622;2512;4953;395;1459
1995;11;603;17;620;129;3180;871;456;1327;1699;98;288;130;54;149;3745;1622;595;2474;4691;418;1342
1995;12;635;13;648;140;3534;890;402;1292;1509;90;324;78;38;153;3484;1575;715;2498;4788;378;1233
1996;1;621;10;631;173;3680;986;413;1399;1569;196;243;96;26;194;3723;1731;622;2773;5126;416;1015
1996;2;601;17;618;146;3389;1002;436;1438;1555;216;274;67;31;162;3743;1526;787;2538;4851;362;901
1996;3;706;14;720;200;3428;994;480;1474;1890;265;315;84;30;243;4301;1829;799;2623;5251;474;1109
1996;4;578;14;592;139;3304;1006;530;1536;1741;250;433;120;47;207;4334;1720;788;2618;5126;492;1025
1996;5;556;16;572;162;3228;1025;567;1592;1652;244;335;84;24;196;4127;1777;855;2584;5216;561;1118
1996;6;596;18;614;157;3310;958;507;1465;1506;237;294;77;22;173;3774;1586;813;2322;4721;506;951
1996;7;624;14;638;162;3182;1073;485;1558;1507;254;278;87;18;148;3850;1825;1013;2464;5302;602;983
1996;8;601;20;621;152;3499;1048;449;1497;1479;251;260;115;17;180;3799;1723;926;2487;5136;656;894
1996;9;571;11;582;170;3170;1024;383;1407;1312;250;298;103;18;170;3558;1637;833;2467;4937;585;790
1996;10;621;6;627;189;3687;1078;415;1493;1394;272;278;106;20;234;3797;1715;751;2776;5242;691;877
1996;11;557;14;571;182;3544;1012;366;1378;1412;249;287;94;16;226;3662;1504;695;2717;4916;713;759
1996;12;627;12;639;186;3759;1105;449;1554;1350;319;315;87;19;195;3839;1553;902;2799;5254;673;729
1997;1;569;10;579;170;3812;1269;501;1770;1442;256;277;97;22;265;4129;1772;830;3005;5607;737;810
1997;2;649;11;660;158;3676;1162;522;1684;1360;198;277;84;14;228;3845;1564;969;2818;5351;836;729
1997;3;624;8;632;161;3840;1212;501;1713;1634;227;326;111;9;294;4314;1901;870;2949;5720;897;884
1997;4;530;14;544;177;3670;1374;621;1995;1776;246;337;82;15;295;4746;1845;1098;3016;5959;778;1004
1997;5;586;11;597;188;3599;1461;633;2094;1736;276;418;89;7;277;4897;1865;1178;3103;6146;811;961
1997;6;640;16;656;181;3512;1349;543;1892;1641;259;370;79;17;287;4545;1769;1031;2871;5671;704;998
1997;7;541;10;551;190;3155;872;533;1405;1687;186;325;73;16;1062;4754;2001;621;3500;6122;242;823
1997;8;544;6;550;184;3232;895;612;1507;1667;257;295;79;17;1063;4885;1948;689;3925;6562;273;829
1997;9;601;7;608;238;3528;952;579;1531;1692;308;294;70;7;1059;4961;1923;527;3728;6178;252;846
1997;10;573;2;575;236;3805;1080;602;1682;1763;310;331;90;13;815;5004;1819;706;3845;6370;320;956
1997;11;529;11;540;235;4084;951;427;1378;1696;275;308;82;6;985;4730;1845;501;3727;6073;275;931
1997;12;537;11;548;237;4360;935;500;1435;1482;265;321;64;13;1101;4681;1582;609;3847;6038;263;859
1998;1;577;14;609;236;5377;1100;614;1714;1799;320;380;72;11;1031;5327;1754;705;4355;6814;991;968
1998;2;519;7;549;241;4714;1015;564;1579;1582;255;330;74;11;1088;4919;1575;623;3779;5977;1102;912
1998;3;606;11;652;204;5216;1054;610;1664;1762;309;394;59;19;1191;5398;1889;564;4582;7035;1004;1029
1998;4;518;10;569;207;4484;911;597;1508;1750;220;350;67;18;1297;5210;1869;513;4021;6403;1056;1009
1998;5;489;12;542;211;3883;795;558;1353;1768;246;305;93;10;1284;5059;1981;322;3963;6266;1240;1000
1998;6;396;5;439;171;4016;759;489;1248;1609;240;319;62;15;1171;4664;1804;422;3631;5857;1282;942
1998;7;447;13;484;169;4187;879;594;1473;1966;256;332;79;10;1217;5333;1989;415;4122;6526;1265;1109
1998;8;433;9;474;188;4582;878;518;1396;1857;189;315;78;14;1309;5158;1752;484;4048;6284;1271;1072
1998;9;433;8;473;185;4569;831;590;1421;1691;147;303;81;7;1436;5086;1646;428;4079;6153;1272;941
1998;10;458;9;499;202;4762;787;512;1299;1938;83;296;69;7;1711;5403;1745;381;4330;6456;1098;1064
1998;11;385;22;436;207;4673;722;576;1298;1885;115;331;74;9;1638;5350;1676;347;4016;6039;952;1074
1998;12;465;9;484;197;5331;827;515;1342;1912;125;309;88;9;1676;5461;1629;483;4465;6577;844;1041
1999;1;530;4;567;231;5351;877;544;1421;2241;99;368;82;4;1457;5672;1899;499;4198;6596;800;1012
1999;2;508;14;554;229;5289;890;577;1467;2019;101;347;97;16;1530;5577;1603;431;4217;6251;632;961
1999;3;451;12;501;222;5463;900;633;1533;2652;121;421;108;20;1883;6738;1999;381;4576;6956;763;1437
1999;4;510;14;545;205;4936;897;713;1610;2535;103;443;98;13;1635;6437;1841;347;4498;6686;732;1348
1999;5;533;8;580;209;4664;1067;699;1766;2684;78;443;114;15;1590;6690;1866;384;4721;6971;771;1426
1999;6;494;4;522;186;4994;987;670;1657;2798;87;459;122;19;1620;6762;1814;387;4677;6878;733;1443
1999;7;463;10;496;208;4650;1085;668;1753;2874;72;441;135;8;1577;6860;1739;436;4589;6764;754;1627
1999;8;555;27;621;165;4789;1114;645;1759;2580;90;479;126;12;1507;6553;1637;432;4299;6368;679;1445
1999;9;448;19;502;172;5219;1207;687;1894;2460;73;414;91;5;1452;6389;1555;404;4187;6146;682;1454
1999;10;447;15;490;204;5474;1314;639;1953;2550;80;454;113;8;1380;6538;1615;485;4452;6552;790;1380
1999;11;471;11;527;212;5105;1209;592;1801;2136;72;405;118;3;1467;6002;1538;513;4721;6772;815;1196
1999;12;478;8;523;250;6087;1346;586;1932;2137;95;389;117;6;1629;6305;1417;690;4960;7067;753;1082
2000;1;547;13;608;190;6254;1278;633;1911;2165;245;373;129;10;1450;6283;1610;588;4862;7060;758;1188
2000;2;500;11;549;202;5983;1572;795;2367;2257;293;369;109;19;1268;6682;1466;623;4992;7081;765;1695
2000;3;572;12;621;241;5891;1467;809;2276;2503;274;391;149;8;1379;6980;1483;747;5394;7624;894;1952
2000;4;546;19;594;208;5594;1370;776;2146;2749;303;428;105;14;1379;7124;1410;639;4885;6934;838;2106
2000;5;577;13;627;193;5466;1607;819;2426;2757;327;438;94;14;1419;7475;1557;645;5231;7433;715;2189
2000;6;545;28;605;202;5188;1742;807;2549;2289;324;508;115;18;1065;6868;1497;847;4744;7088;783;1907
2000;7;448;16;501;186;5190;1751;662;2413;2283;278;515;126;17;1084;6716;1423;754;4726;6903;815;1896
2000;8;500;16;570;234;5660;1856;698;2555;2248;253;477;134;10;1205;6882;1464;854;5232;7550;973;1916
2000;9;472;19;537;196;5607;1916;611;2527;2118;255;484;111;17;1112;6624;1437;914;4951;7302;884;1834
2000;10;550;12;616;279;6653;1935;697;2632;2043;252;472;129;17;1238;6783;1539;975;4952;7466;897;1745
2000;11;495;16;564;260;5827;1432;502;2713;2119;271;440;100;13;1434;7090;1512;778;5236;7526;1066;1724
2000;12;535;25;601;250;6484;1293;496;3129;2197;316;469;108;11;1505;7735;1362;935;6094;8391;871;1764
2001;1;543;17;608;299;6582;1059;440;2887;2209;264;421;116;12;1818;7727;1487;863;6677;9027;923;1738
2001;2;547;18;623;295;6393;1106;466;2795;2138;212;438;111;14;1896;7604;1426;612;5869;7907;984;1667
2001;3;573;23;660;278;6611;1120;586;3111;2589;292;520;132;10;1963;8617;1630;533;6536;8699;940;2001
2001;4;526;29;616;278;6483;1084;570;2993;2305;281;523;131;15;1853;8101;1481;519;6083;8083;859;1988
2001;5;519;31;601;254;5609;1071;630;3099;2234;283;518;109;14;1869;8126;1522;539;6136;8197;940;2028
2001;6;443;25;526;258;5559;1049;467;2832;2205;273;500;130;11;1812;7763;1482;574;5643;7699;929;1856
2001;7;430;7;482;224;5464;1206;355;2792;2053;264;521;92;13;1647;7382;1535;777;5502;7814;1105;1865
2001;8;477;20;553;242;5671;1328;326;2974;2387;284;565;86;18;1885;8199;1554;797;5629;7980;1354;2143
2001;9;495;17;566;255;5779;1308;315;2938;2483;270;596;149;9;1962;8407;1470;753;5501;7724;1217;2020
2001;10;547;21;635;264;6118;1379;339;3174;2463;272;714;141;15;2059;8838;1591;796;5945;8332;1275;2200
2001;11;548;25;625;263;5969;1370;365;3080;2522;281;600;108;20;2025;8636;1476;733;5776;7985;1060;2191
2001;12;515;12;588;276;6400;1418;316;2935;2511;347;584;120;13;2063;8573;1543;943;5935;8421;1006;2077
2002;1;536;13;642;285;6158;1316;322;2935;2774;336;529;124;17;2275;8990;1785;797;6433;9015;1040;2396
2002;2;533;8;598;267;5584;1324;311;2980;2611;297;537;111;11;2336;8883;1578;741;5869;8188;988;2336
2002;3;614;20;704;361;6554;1578;465;3465;3262;413;682;134;9;2812;10777;1781;778;6513;9072;966;2638
2002;4;668;24;769;311;6367;1722;508;3599;3490;459;669;165;14;2954;11350;1839;842;6364;9045;879;3046
2002;5;667;22;770;372;6296;1616;482;3422;3210;412;638;166;13;2632;10493;1806;863;6275;8944;914;3009
2002;6;552;15;632;325;6133;1472;404;2789;2538;251;530;135;8;2089;8340;1550;808;5594;7952;941;2334
2002;7;528;11;613;326;5426;1535;393;2871;2682;293;568;130;12;2337;8893;1621;827;6062;8510;1099;2556
2002;8;493;12;613;363;6512;1683;426;3114;2509;317;583;140;4;2255;8922;1630;893;6420;8943;1247;2336
2002;9;540;17;638;305;5748;1528;422;2908;2478;296;546;154;10;2090;8482;1753;814;6212;8779;1137;2391
2002;10;577;17;670;354;7387;1754;507;3321;2827;353;540;140;5;2486;9672;1733;933;6731;9397;1261;2595
2002;11;545;22;676;356;6676;1730;436;3119;2953;366;572;169;13;2486;9678;1875;857;6708;9440;1121;2659
2002;12;632;12;718;387;7273;1795;499;3177;3098;482;687;183;8;2605;10240;1769;1052;7152;9973;1044;2649
2003;1;589;20;705;365;6896;1427;658;3051;3236;357;589;172;5;2657;10296;1940;983;6751;10483;1003;2725
2003;2;583;12;710;361;7099;1532;691;3186;3169;443;720;170;12;2680;10634;1732;858;7044;10335;1159;2678
2003;3;613;16;747;332;6968;1537;683;3202;2923;310;640;178;8;2492;9976;1833;943;7498;10976;1133;2670
2003;4;585;14;735;297;6441;1529;624;3160;2966;303;702;169;10;2643;10222;1694;780;7338;10409;1061;2703
2003;5;599;20;721;381;5843;1558;663;3293;3167;345;712;188;3;2867;10875;1805;812;7186;10414;1019;2960
2003;6;546;14;648;316;6301;1426;540;2929;2686;312;643;140;4;2487;9478;1535;786;6362;9203;1124;2467
2003;7;527;17;652;409;6100;1395;426;2839;2541;324;763;174;4;2511;9456;1669;729;6595;9602;1207;2384
2003;8;500;10;608;399;5834;1491;349;2880;2520;306;582;164;2;2592;9290;1590;726;6344;9235;1165;2378
2003;9;512;16;634;271;6057;1504;377;3083;2524;271;571;188;1;2790;9694;1543;696;6738;9667;1135;2381
2003;10;489;16;638;345;6184;1457;345;3079;2701;363;563;143;0;2789;9907;1553;689;6772;9690;1192;2292
2003;11;528;12;618;323;6849;1443;366;2939;2429;327;523;154;2;2520;9141;1560;758;6518;9528;1174;2141
2003;12;553;12;638;325;7656;1585;303;3028;2669;412;544;183;5;2721;9865;1488;923;6949;9991;978;2168
2004;1;578;12;671;303;6553;1384;321;3009;2673;292;461;169;1;2873;9737;1746;808;6927;10308;1079;2301
2004;2;540;16;626;317;6459;1431;404;2911;2292;279;469;163;1;2678;9066;1581;813;6855;10019;1041;1984
2004;3;529;17;628;340;6458;1529;456;3377;2777;388;545;180;5;2947;10522;1697;744;7365;10657;997;2245
2004;4;514;21;604;271;6197;1890;454;3340;2894;422;536;150;3;2342;9925;1716;684;6546;9724;959;2370
2004;5;605;18;731;341;6057;1692;384;3472;3059;480;562;148;5;1917;9880;1775;673;6706;9943;1113;2599
2004;6;502;13;591;243;5470;1594;439;3404;2789;419;528;152;1;1847;9405;1617;763;6561;9805;1089;2292
2004;7;505;15;591;293;5351;1763;587;3419;2851;367;571;162;4;1830;9465;1618;775;6089;9440;982;2299
2004;8;521;14;631;332;6196;1946;569;3314;2494;305;455;133;1;1531;8467;1554;751;6205;9635;1090;2136
2004;9;507;21;616;293;6612;2059;711;3245;2610;352;546;122;2;1154;8201;1493;702;5976;9347;944;2069
2004;10;522;13;655;320;6477;2268;756;3412;2745;408;472;141;6;1252;8645;1608;786;6135;9647;937;2218
2004;11;570;18;682;285;6235;2281;716;3434;2645;428;518;177;3;1297;8745;1527;761;6531;9910;914;2073
2004;12;545;7;619;310;6943;2419;699;3499;2579;574;500;163;5;1227;8845;1517;975;6669;10335;862;1936
2005;1;607;19;704;385;7052;2424;650;3515;2747;402;428;155;1;1304;8747;1749;991;6784;10880;979;2209
2005;2;619;12;694;306;5856;2537;614;3561;2610;421;434;147;6;1345;8703;1521;1107;6341;10233;840;2129
2005;3;682;26;804;345;6749;2876;811;4240;3056;442;464;167;1;1621;10195;1811;943;6613;10998;1011;2459
2005;4;526;15;611;340;6751;2701;852;4142;3051;357;438;133;3;1599;9904;1767;914;6183;10400;967;2566
2005;5;561;19;679;387;6408;3026;892;4542;2999;359;465;149;1;1557;10264;1927;1026;6332;10899;987;2578
2005;6;488;17;626;305;6131;3018;826;4468;2522;397;422;144;2;1367;9497;1797;1036;6326;10708;973;2172
2005;7;580;22;697;302;5884;3041;843;4494;2442;351;449;165;2;1377;9434;1806;994;6111;10492;981;1872
2005;8;562;18;705;295;6701;3253;783;4737;2457;400;406;185;2;1427;9792;1715;1087;6824;11431;1073;2025
2005;9;533;12;660;348;6067;3049;768;4380;2636;341;368;145;0;812;8835;1723;1010;4962;9288;984;2108
2005;10;503;15;627;304;7335;3436;771;4848;2777;312;404;139;0;820;9457;1781;1170;5230;10021;1017;2060
2005;11;495;16;615;315;6269;3362;779;4733;2781;344;353;150;2;790;9306;1916;1263;5297;10183;893;2118
2005;12;464;19;565;274;6746;3357;756;4678;2612;496;391;164;0;804;9303;1809;1487;5674;10800;1056;2036
2006;1;480;12;562;285;7247;3421;828;4809;2660;345;338;145;3;853;9284;1834;1461;5942;11249;1061;2034
2006;2;521;20;615;346;7165;3347;728;4605;2840;386;436;154;5;931;9474;1808;2059;5674;11410;1009;2043
2006;3;607;23;728;362;6962;3499;769;4838;3087;369;424;148;4;828;9865;1837;1427;5912;10953;879;2245
2006;4;579;30;713;336;6185;4009;936;5639;3098;371;469;160;3;986;10895;1892;1414;5809;11095;921;2217
2006;5;548;13;654;357;5527;4104;941;5853;3223;393;473;170;8;829;11138;1975;1480;5800;11603;994;2320
2006;6;475;10;594;317;5954;3812;892;5429;2740;339;398;135;5;857;10055;1924;1450;5494;10936;924;2092
2006;7;478;15;586;268;5705;3898;924;5524;2627;341;373;153;6;797;10024;2041;1633;5918;11790;1038;2198
2006;8;471;14;615;324;6259;3959;884;5597;2662;391;380;161;3;823;10224;1942;1627;6174;12049;1005;2208
2006;9;521;19;618;329;5890;3912;860;5464;2877;371;362;147;0;799;10217;1815;1444;5473;10864;939;2173
2006;10;552;13;654;358;6250;4197;906;5783;2939;395;366;151;2;1429;11259;2000;1503;7197;12862;839;2383
2006;11;527;16;638;307;5847;4150;865;5657;2871;424;412;137;5;1360;11071;1833;1579;7315;12870;786;2186
2006;12;564;23;672;433;6559;4032;830;5467;2700;441;390;126;2;1276;10581;1736;1867;7243;13193;692;1974
2007;1;526;7;657;307;6063;4270;839;5716;2843;414;329;131;2;1344;10958;1964;1856;7398;13471;805;2184
2007;2;486;11;590;301;6345;4201;762;5500;2578;309;316;129;1;1340;10330;1861;2374;7036;13302;824;2039
2007;3;640;22;781;408;7134;4861;996;6547;3348;506;392;159;5;1546;12689;1909;1802;7603;13373;886;2338
2007;4;572;15;721;367;6480;4809;875;6338;2785;374;432;164;1;1272;11527;1713;1757;6848;12209;825;1964
2007;5;466;17;623;365;5377;5232;960;6878;2783;392;432;140;3;1298;12155;1821;1984;7294;13387;899;2230
2007;6;445;17;573;303;5463;5080;869;6597;2547;376;404;133;2;1231;11494;1778;1892;6972;12622;837;2022
2007;7;457;10;551;315;5464;4534;784;5882;2288;338;404;131;1;1167;10439;1689;1892;6856;12355;846;1963
2007;8;524;14;668;377;5614;5253;913;6806;2470;342;387;145;1;1244;11625;1797;1967;7170;13010;846;2122
2007;9;447;16;589;338;6336;5197;834;6729;2375;327;354;123;2;1224;11357;1830;1871;7147;12887;770;2100
2007;10;486;23;623;309;6332;5476;846;6996;2462;324;396;151;3;1256;11818;1817;2113;7609;13711;862;1884
2007;11;528;17;658;324;6146;5229;763;6573;2501;383;371;130;2;1154;11318;1806;1940;7371;13101;847;1827
2007;12;556;23;665;373;7154;5352;810;6775;2510;387;397;131;1;1333;11712;1683;2379;7423;13722;698;1779
2008;1;538;11;663;308;6256;5651;828;7163;2496;352;376;122;4;1358;12060;1815;2502;7795;14530;727;2021
2008;2;505;21;640;325;6012;5483;836;6999;2400;238;418;125;1;1263;11622;1756;2854;7601;14585;737;1732
2008;3;527;21;690;340;6637;5377;919;6995;2401;274;421;129;3;1156;11587;1844;1935;7505;13518;882;1717
2008;4;475;13;639;325;6017;5538;923;7091;2179;269;381;99;1;1154;11376;1766;1871;7474;13355;854;1693
2008;5;412;22;583;334;5687;5703;856;7208;2251;302;412;114;5;1127;11634;1781;2108;7708;14081;848;1851
2008;6;402;19;530;314;5493;5548;771;7047;2100;225;407;118;2;1190;11265;1779;2026;7609;13827;842;1653
2008;7;413;21;500;286;5634;5918;735;7349;2207;258;400;100;6;1271;11768;1714;2323;7716;14166;717;1746
2008;8;430;18;488;333;6085;5602;785;7104;2307;237;379;129;9;1313;11749;1894;2243;7476;14023;703;1667
2008;9;435;25;526;332;5873;5625;796;7219;2308;226;394;134;8;1221;11736;1772;2146;7484;13909;776;1670
2008;10;557;24;656;357;6598;6186;922;8015;2630;278;454;141;1;1325;13053;1832;2367;7997;14828;797;1885
2008;11;516;24;623;403;6475;5551;781;7051;2231;213;415;135;3;1152;11406;1893;2096;7458;13771;866;1720
2008;12;507;16;596;398;6707;5857;769;7333;2337;300;437;147;4;1159;11919;1782;2338;7669;14352;688;1705
2009;1;551;13;660;378;6631;6145;829;7692;2573;212;392;125;5;1156;12332;1789;2394;7882;14685;830;1883
2009;2;556;19;654;383;6595;6279;788;7726;2367;188;381;136;3;1254;12245;1691;3241;7416;14728;854;1742
2009;3;588;30;726;444;7183;6686;926;8394;2564;236;465;156;3;1442;13463;1830;2478;7967;14929;980;1880
2009;4;542;27;674;423;6705;6369;769;7849;2310;226;450;134;5;1150;12331;1759;2136;7314;13570;856;1788
2009;5;522;14;616;386;6565;6506;780;8085;2340;236;418;135;0;1139;12573;1679;2361;7892;14433;878;1795
2009;6;439;11;563;378;5640;6277;802;7845;1968;221;410;143;6;1078;11870;1638;2072;7340;13536;827;1737
2009;7;397;18;505;322;5669;6063;737;7558;1982;206;446;129;4;1076;11601;1659;2176;7566;13962;873;1613
2009;8;432;12;522;398;6132;5557;745;6963;1928;228;394;116;5;1108;10910;1699;2273;7348;13768;985;1533
2009;9;433;18;536;365;6678;5354;660;6701;1728;217;424;147;3;903;10291;1619;2242;7506;14027;1052;1515
2009;10;419;21;534;316;6452;5247;676;6624;1758;187;396;146;3;923;10203;1680;2438;7155;13728;1005;1466
2009;11;438;13;531;346;7857;5336;625;6597;1688;224;383;145;3;930;10164;1576;2431;7375;14040;922;1423
2009;12;476;25;585;333;7137;5247;593;6461;1830;269;385;150;2;1037;10297;1723;2661;7898;14839;928;1538
2010;1;447;19;549;377;7716;5292;568;6482;1945;234;373;123;1;1036;10347;1683;2618;8077;14850;891;1497
2010;2;473;6;544;329;7201;5361;582;6489;1739;221;348;116;2;1003;10048;1669;4095;7897;16356;865;1320
2010;3;492;17;594;391;6767;6036;795;7524;2041;229;441;148;2;1100;11647;1713;2744;8260;15542;933;1584
2010;4;432;11;547;347;6185;5581;716;6871;1784;181;420;113;2;990;10497;1594;2263;7381;13795;871;1378
2010;5;361;11;488;345;6267;5749;691;7090;1648;215;441;132;2;963;10649;1670;2639;8052;15170;1038;1438
2010;6;347;12;440;278;6153;5083;669;6365;1699;212;363;121;1;896;9795;1585;2510;7508;14264;1006;1399
2010;7;324;12;397;288;6050;5143;784;6516;1666;209;372;103;1;860;9881;1557;2416;7614;14152;1044;1452
2010;8;344;12;394;333;6412;5166;695;6404;1558;184;362;120;1;832;9634;1628;2384;7611;14371;1071;1414
2010;9;360;21;416;310;6584;5200;671;6461;1489;211;411;135;5;847;9718;1408;2451;7340;13861;1080;1263
2010;10;406;16;500;408;7116;5266;765;6638;1590;170;427;123;1;924;10032;1545;2381;7579;14086;1220;1219
2010;11;364;7;474;368;6606;4925;646;6089;1413;266;338;107;1;801;9162;1318;2333;7237;13470;1391;1271
2010;12;417;12;485;372;8019;4544;620;5607;1480;287;371;124;3;834;8890;1382;2991;7658;14859;1135;1333
2011;1;425;9;500;413;8272;4771;616;5892;1567;231;409;92;4;865;9203;1423;2822;7969;15014;1068;1375
2011;2;368;7;416;379;7844;4742;588;5846;1490;234;453;81;3;835;9137;1227;3130;7951;15181;1094;1288
2011;3;381;9;464;395;7143;5215;621;6351;1544;226;401;129;5;892;9716;1354;4622;8249;17300;1283;1329
2011;4;403;6;484;387;7100;4687;598;5780;1491;239;414;105;1;909;9132;1293;2579;8132;14789;1370;1233
2011;5;368;10;455;353;6423;4640;559;5695;1462;273;408;88;5;811;8923;1360;2689;8195;15237;1409;1277
2011;6;307;18;389;272;6396;4433;502;5380;1439;247;372;97;2;782;8515;1244;2637;7536;14150;1246;1300
2011;7;331;6;376;326;6682;4562;533;5577;1604;221;393;91;3;822;8900;1265;2587;7340;13814;1291;1285
2011;8;371;11;402;352;7067;4725;537;5720;1642;253;354;82;5;855;9114;1250;2641;7720;14321;1291;1467
2011;9;323;8;358;333;6486;4527;546;5480;1629;242;343;90;4;920;8884;1274;2630;7694;14175;1287;1374
2011;10;318;11;351;345;7036;4137;511;5045;1695;257;394;115;1;878;8535;1413;2392;7475;13805;1188;1374
2011;11;339;10;384;329;6524;4076;437;4885;1595;300;355;92;0;867;8258;1263;2382;7508;13576;1359;1483
2011;12;345;13;381;358;7736;4163;418;4884;1615;350;356;108;4;901;8371;1227;2958;8122;14638;1387;1357
2012;1;329;12;381;412;7490;4094;417;4873;1630;299;384;104;3;972;8425;1386;3210;8126;15186;1379;1413
2012;2;395;14;446;538;7849;4533;458;5370;1981;288;457;108;3;960;9321;1367;5368;8379;17863;1171;1351
2012;3;394;17;451;369;7540;4372;479;5258;2026;348;479;147;0;998;9439;1431;2823;8506;15356;1549;1643
2012;4;342;7;396;387;7361;4286;419;5077;2066;298;440;121;2;918;9079;1412;2509;8030;14367;1627;1633
2012;5;346;10;398;375;6916;4676;495;5581;2047;342;456;148;1;930;9674;1373;2620;8793;15546;1724;1803
2012;6;318;9;350;357;6926;4047;424;4826;1743;287;446;102;1;877;8412;1266;2378;7873;13821;1736;1377
2012;7;298;15;367;329;7346;4163;377;4947;1688;265;481;98;2;830;8461;1331;2476;8429;14652;1678;1408
2012;8;294;11;350;349;7328;4041;345;4757;1751;328;422;100;2;919;8456;1309;2552;8332;14728;1644;1395
2012;9;331;13;359;327;7214;3553;348;4238;1754;247;419;104;1;833;7740;1283;2233;7570;13312;1437;1300
2012;10;314;18;363;376;7791;4029;350;4728;1762;315;420;89;1;828;8310;1382;2506;8336;14725;1545;1473
2012;11;325;8;373;343;6900;3898;362;4572;1728;288;398;96;2;893;8133;1362;2353;8125;14016;1678;1374
2012;12;395;8;432;412;8805;3868;367;4536;1889;351;411;104;2;874;8325;1361;2841;8654;15167;1522;1276
2013;1;397;11;439;383;6800;4352;405;5105;1946;336;489;125;0;808;8976;1413;3492;8911;16111;1751;1542
2013;2;389;6;428;457;8371;4678;421;5471;1909;258;452;118;2;817;9178;1316;4743;8963;17555;1866;1485
2013;3;411;11;461;479;7944;4792;462;5620;2256;262;534;139;0;990;9945;1509;2319;8698;14837;2151;1620
2013;4;417;10;472;352;7310;4934;415;5749;2185;290;524;131;4;978;10074;1414;2406;8471;14575;2096;1769
2013;5;430;8;481;396;7301;5194;550;6211;2139;307;661;131;2;1028;10695;1429;2476;8395;14638;2041;1728
2013;6;362;16;408;378;7346;4720;494;5711;2242;229;641;110;3;948;10080;1432;2601;8135;14460;1815;1646
2013;7;302;11;350;317;6700;4964;523;5957;2242;256;625;141;3;989;10388;1501;3256;8837;16086;1794;1861
2013;8;407;17;454;344;6706;5333;627;6495;2525;290;610;127;1;1044;11262;1549;2653;8099;14680;1922;1904
2013;9;378;16;439;449;7150;5098;632;6302;2382;282;588;105;2;951;10789;1578;2885;8562;15824;1973;1950
2013;10;377;12;430;441;7508;5531;579;6639;2639;295;546;120;1;1101;11522;1588;2659;8718;15396;2141;2077
2013;11;414;13;460;420;7278;5355;542;6370;2644;309;609;127;2;1101;11320;1441;2514;7921;14087;1836;1906
2013;12;461;17;526;532;8207;5667;523;6626;2893;420;661;117;1;1108;11961;1498;2687;8189;14566;1841;1867
2014;1;464;15;532;557;9050;6625;662;7760;3206;489;774;126;6;1275;13770;1638;3268;9880;17262;2356;2342
2014;2;482;16;559;543;8093;6555;621;7637;3025;418;728;140;4;1167;13261;1484;3274;8809;15856;2126;2167
2014;3;510;10;571;544;8357;7014;639;8208;2947;401;773;125;2;1141;13711;1640;4564;9248;18003;2046;2355
2014;4;449;17;504;559;7484;6777;657;7988;3073;371;758;120;3;1239;13708;1498;2612;8229;14402;2161;2426
2014;5;444;8;508;505;6249;7033;571;8177;3073;520;728;139;1;1168;13930;1510;2576;8116;14231;2086;2495
2014;6;377;18;441;503;7229;6716;565;7897;2635;386;649;104;0;1046;12813;1391;2952;8738;15061;2040;2003
2014;7;370;14;445;439;6070;7196;592;8435;2479;442;650;95;2;1110;13364;1456;3248;9338;16352;2220;2105
2014;8;373;9;431;419;6250;6715;505;7968;2411;448;546;104;3;916;12513;1493;2364;7670;13681;2436;1995
2014;9;345;7;405;528;6884;6478;533;7770;2270;481;512;76;1;885;12117;1341;2566;7828;13982;2480;1951
2014;10;375;11;434;542;7247;6741;649;8183;2289;545;499;82;4;1095;12827;1429;2606;8199;14535;2344;1860
2014;11;345;11;421;582;7044;6248;609;7677;2413;602;524;97;2;1081;12521;1377;2660;8024;14207;2414;1671
2014;12;408;16;468;645;7604;6363;711;7833;2830;787;601;97;0;1164;13460;1426;2834;8377;14768;2224;1857
2015;1;439;11;516;618;7747;6928;702;8545;2874;735;666;105;2;1323;14367;1593;3396;9082;16354;2492;2328
2015;2;326;10;427;479;6757;6421;499;7826;2494;507;562;78;3;1253;12873;1334;4975;8365;17304;2334;1969
2015;3;382;15;452;545;6795;6145;586;7635;2861;548;609;106;2;1277;13219;1521;3368;8311;15722;2514;2310
2015;4;339;21;423;490;6293;5551;636;7077;2690;481;526;87;5;1140;12147;1321;2991;7520;14144;2252;1968
2015;5;347;8;401;482;5844;5416;643;6975;2451;559;525;83;3;1216;11965;1432;3256;7759;14834;2256;2031
2015;6;272;16;334;477;5535;4421;619;5936;2254;566;465;96;3;1243;10678;1333;2974;7475;14269;2134;1768
2015;7;306;9;378;484;5711;4844;602;6410;2425;542;595;96;1;1167;11369;1381;2856;7484;14281;2543;1905
2015;8;336;11;398;467;6268;4825;628;6562;2322;486;530;100;0;1173;11290;1390;2840;7255;14147;2461;1837
2015;9;351;6;415;598;6165;4760;793;6748;2417;536;561;91;2;1151;11662;1419;3138;7776;15481;2267;1851
2015;10;380;10;444;410;6531;5076;719;6868;2500;661;514;109;1;1202;11986;1388;2734;7237;14194;2410;1848
2015;11;340;5;397;479;6774;5410;651;7228;2611;684;591;115;2;1189;12559;1455;2771;7184;13956;2213;1925
2015;12;382;11;425;480;6956;5640;727;7470;3136;920;612;122;3;1436;13818;1377;3049;8058;15159;2213;1923
2016;1;406;18;479;518;6317;7209;814;9365;3358;732;618;123;2;1366;15673;1515;3513;8039;15912;2249;2341
2016;2;404;22;481;497;6570;7753;813;9942;3056;621;579;114;3;1754;16153;1456;4047;8255;16559;2092;2103
2016;3;445;18;526;552;6356;7455;909;9812;3392;636;599;97;3;1532;16194;1409;2466;7691;14172;2287;2499
2016;4;475;15;569;549;5767;6774;896;9126;3259;727;575;107;2;1635;15511;1438;2074;7110;13033;2047;2392
2016;5;369;16;473;480;5333;7446;1026;9919;3258;734;599;91;0;1729;16421;1541;2259;7362;13516;2125;2417
2016;6;373;25;478;421;4677;8000;1114;10731;3310;698;517;120;3;1662;17112;1454;2212;6778;12734;1972;2393
2016;7;368;15;465;482;5636;7834;1144;10659;3105;700;631;100;1;1539;16833;1300;2117;7535;13281;2221;2399
2016;8;387;14;479;530;5368;8032;1173;10959;3041;759;642;103;1;1623;17217;1241;2509;9502;15951;2148;2084
2016;9;425;19;535;478;5679;8050;1310;11165;3439;892;668;110;2;1693;18063;1281;2078;7863;13867;2057;2365
2016;10;465;30;589;511;6366;8957;1526;12430;4181;944;645;110;3;1823;20225;1367;2058;7834;13703;1888;2480
2016;11;461;18;581;528;5705;8676;1611;12167;4111;1102;663;136;2;1971;20221;1394;1943;7407;12992;1901;2712
2016;12;464;29;607;509;6249;7632;1395;10823;4186;1329;552;107;2;2065;19158;1363;1999;7989;13518;2029;2505
2017;1;479;25;603;549;4700;5133;828;7098;4206;693;334;81;3;1754;14221;1357;1442;5803;10074;1704;3149
2017;2;503;26;618;452;2521;2260;487;3298;4286;452;277;49;0;1330;9714;1310;663;3089;5795;1266;2307
2017;3;498;28;655;449;3897;6109;1306;9352;5002;781;527;98;3;3661;19493;1428;1536;8680;13620;1706;2932
2017;4;436;22;539;538;5659;8543;1591;12654;4891;1032;652;127;1;3484;22928;1289;1575;7789;12711;1814;3481
2017;5;425;20;543;504;5190;9669;1616;13833;4596;1240;669;124;1;2655;23203;1302;1866;8359;13993;1862;3522
2017;6;390;18;507;475;5010;8534;1379;12249;4551;982;619;129;2;2544;21165;1383;1655;7361;12686;1864;3227
2017;7;374;23;461;421;5052;8567;1552;12587;4951;908;636;105;3;2569;21848;1206;1634;7329;12475;1791;3476
2017;8;397;16;487;528;5230;8815;1628;12860;4613;843;649;111;2;2638;21806;1318;1754;7768;13120;1887;3494
2017;9;458;12;578;479;5643;7683;1273;11171;4316;677;535;109;0;2555;19465;1281;1874;7799;13675;1852;2958
2017;10;486;17;608;550;6132;7450;1194;10887;4266;901;625;104;1;2570;19439;1321;1578;7710;13042;1887;3184
2017;11;455;16;602;547;5506;6835;1268;10135;4197;937;576;111;3;2698;18743;1300;1781;6754;12139;1894;3056
2017;12;445;14;548;509;6015;6395;1151;9522;4491;1153;501;110;3;2536;18412;1213;1805;6886;11960;1785;2844
2018;1;468;23;654;607;5575;7810;1070;10924;5286;977;596;108;3;2935;20928;1264;2263;7420;13186;1793;3695
2018;2;441;21;569;494;5087;7268;1011;10433;4792;742;552;113;1;2976;19684;1159;2327;6691;12419;1588;3292
2018;3;508;20;643;553;5473;7638;1385;11206;5358;918;638;115;2;2729;21040;1249;1623;6557;11546;1744;3450
2018;4;476;14;593;491;5299;7596;1352;11049;4656;892;665;104;1;2517;19977;1346;1596;6522;11507;1857;3444
2018;5;423;13;583;535;5157;8034;1501;11829;4382;752;631;105;2;2783;20606;1361;1610;7008;12116;1966;3148
2018;6;375;11;547;571;4983;7735;1346;11328;4014;755;525;111;1;2654;19495;1278;1467;6401;11221;1809;2422
2018;7;410;9;555;546;5223;7488;1312;10996;3518;731;503;94;1;2321;18241;1294;1653;6580;11679;1880;2478
2018;8;360;13;555;535;4655;7261;1400;10831;3910;673;535;109;2;2620;18760;1398;1553;6944;12092;1994;3368
2018;9;382;14;511;509;5344;6756;1275;10213;4053;578;463;103;1;2385;17982;1339;1419;6686;11433;1959;2625
2018;10;383;11;523;491;5472;7360;1441;11278;4242;651;454;95;1;2308;19147;1428;1597;7036;12370;1735;3176
2018;11;378;12;529;463;5277;7017;1384;10747;4074;725;441;84;5;2363;18543;1325;1560;6963;12118;1716;2848
2018;12;346;13;452;447;5737;6459;1183;9786;3812;788;434;108;1;2168;17203;1353;1772;6893;12183;1585;2502
2019;1;386;15;562;577;6423;7454;1328;11196;3785;740;431;116;2;2365;18755;1415;2058;7992;13934;2021;2810
2019;2;323;8;481;450;5210;7000;1356;10467;3554;645;411;116;4;2124;17410;1344;1889;7315;13004;2090;2556
2019;3;344;11;492;590;5902;7734;1532;11892;3775;638;497;95;1;2547;19558;1364;2757;8549;15395;1941;2470
2019;4;360;11;496;466;5573;7031;1585;11040;3755;667;502;124;2;2245;18454;1244;1519;7633;12532;1909;2624
2019;5;345;15;534;478;4958;7332;1625;11384;3649;710;514;93;1;2216;18673;1480;1475;7711;13024;2034;2450
2019;6;332;8;496;436;4769;6077;1287;9551;3115;599;382;85;1;1984;15832;1251;1443;7224;12082;1854;2041
2019;7;313;13;526;396;4739;6636;1208;10070;3197;691;385;72;1;2113;16654;1353;1570;7632;12922;1861;2355
2019;8;320;6;500;455;4759;6452;1194;9890;3181;587;432;103;1;1796;16115;1361;1568;7280;12602;1862;2081
2019;9;310;7;477;344;4795;5794;996;8857;2613;467;363;80;0;1445;13936;1194;1341;6839;11637;1773;1903
2019;10;321;4;475;427;5712;6301;1111;9619;3028;582;364;95;0;1739;15548;1198;1541;7584;13155;1910;1813
2019;11;320;14;474;380;5402;5442;1103;8570;2979;521;356;63;0;1718;14336;1161;1528;6979;12014;1771;1705
2019;12;330;5;467;410;5413;5076;1029;7935;3118;609;368;88;7;1773;14043;1230;1564;7199;12221;1723;2055
2020;1;358;8;526;448;5369;6194;1181;9563;3246;577;414;74;1;1852;15866;1365;2118;8562;14649;1720;2128
2020;2;326;10;502;421;5408;5692;1298;9055;2925;418;382;61;2;1555;14502;1182;2133;7328;13712;1738;1788
2020;3;374;9;500;361;4069;4400;984;6925;2449;365;308;71;0;1720;11961;1114;1210;6752;10789;1469;1526
2020;4;312;5;501;324;2722;2533;489;4006;1846;337;169;56;2;1406;7893;922;283;4001;5722;1436;1114
2020;5;273;6;409;291;2429;2451;420;3813;1586;455;169;46;2;1185;7315;904;255;4266;5973;1581;991
2020;6;259;2;297;307;3156;2849;580;4380;1743;404;199;38;0;1079;7920;954;331;4797;6705;1502;1060
2020;7;257;7;320;377;3934;3848;846;6039;1817;544;228;77;0;1362;10174;1061;582;5852;8485;1844;1207
2020;8;261;12;326;354;4213;3481;659;5392;1791;415;243;42;2;1190;9173;1107;702;5755;8782;2050;1283
2020;9;239;7;303;343;4560;3567;582;5468;1742;323;294;61;0;1146;9124;1065;698;5888;8985;1984;1173
2020;10;277;5;429;404;4601;3971;768;6016;1898;357;290;49;0;1240;9923;1058;813;5866;9330;2019;1212
2020;11;325;8;416;401;4619;3763;707;5771;2082;331;273;71;1;1294;9908;1052;837;5402;8851;1738;1273
2020;12;283;8;378;321;4666;3542;712;5526;2300;459;324;75;0;1369;10155;1111;807;5509;8920;1709;1190
2021;1;368;12;531;477;5322;4002;1023;6435;2332;363;296;91;0;1412;11058;1183;850;5704;9352;1823;1303
2021;2;246;12;410;333;4489;3963;973;6272;2171;351;325;80;0;1342;10637;1158;735;5630;9052;1664;1232
2021;3;314;8;487;412;4728;3912;1047;6322;2365;397;347;91;0;1601;11234;1141;781;6010;9473;1922;1423
2021;4;305;7;460;336;3979;3302;967;5385;2105;395;303;103;0;1308;9676;1141;611;5217;8308;1848;1253
2021;5;266;7;388;339;4003;3517;858;5613;2002;390;309;71;2;1284;9771;1186;749;5495;8913;1894;1135
2021;6;234;2;340;334;3764;3319;892;5451;1899;387;274;81;2;1273;9466;1124;740;5714;9245;1872;1108
2021;7;250;6;358;314;4036;3639;846;5810;2123;360;263;74;1;1224;9931;1219;872;5424;9265;1699;1086
2021;8;259;12;386;321;4175;3469;776;5427;2120;394;281;82;2;1185;9584;1252;872;5524;9581;1817;1120
2021;9;267;12;358;275;4174;3469;672;5314;1998;391;236;76;0;1146;9235;1181;827;5543;9341;1884;1171
2021;10;271;11;406;316;4182;3122;637;4982;1889;322;208;93;0;1102;8664;1206;753;5419;9132;1902;1037
2021;11;229;14;328;239;4362;3034;533;4668;1615;360;230;87;1;946;7974;1324;968;5596;10158;1768;958
2021;12;238;6;303;280;4456;2799;594;4409;1711;410;228;81;2;944;7856;1302;1144;6711;11815;1584;873
2022;1;251;4;352;309;4900;3132;535;4813;1859;376;198;58;1;903;8289;1314;1118;6374;11423;1739;989
2022;2;253;4;361;292;4577;2918;534;4518;1771;336;223;50;1;914;7880;1295;1208;6345;11766;1728;1008
2022;3;256;6;386;338;5494;3295;551;5168;2146;342;230;74;2;1002;9022;1573;1433;7897;14454;1909;1055
